analysis,n,exposed,deaths,patients,parameters,m,estimate,conf_low,conf_high,p_value,df,within_variance,between_variance,total_variance,relative_increase_variance,fraction_missing_information,monte_carlo_error_fraction_of_se,estimate_ci
Model 1: unadjusted,12285,2695,1762,11152,2,40,1.622965,1.4499,1.816686,4.29339e-17,11146.85,0.0033091567920945524,0,0.0033091567920945524,0,1.7937e-4,0,1.623 (1.450-1.817)
Model 2: demographics and comorbidities,12285,2695,1762,11152,16,40,1.5458,1.37405,1.739019,4.48917e-13,11132.86,0.003610138469781,2.0025908037107022e-7,0.0036103437353383803,5.685808428085e-5,2.3644e-4,0.0011776,1.546 (1.374-1.739)
Model 3: flexible primary model with categorical ECG count,12285,2695,1762,11152,22,40,1.206054,1.063286,1.367992,0.00356524,11103.89,0.004124997018973158,6.105176918071744e-6,0.004131254825314182,0.0015170450577880181,0.0016945,0.0060782,1.206 (1.063-1.368)
Continuous ECG-count adjustment,12285,2695,1762,11152,21,40,1.208197,1.065231,1.37035,0.00324951,11105.05,0.004121580364572784,6.068266397344715e-6,0.004127800337630062,0.001509123323359741,0.0016866,0.0060624,1.208 (1.065-1.370)
Exposure defined by first post-ICU ECG,12285,2407,1762,11152,22,40,1.216749,1.067528,1.386829,0.00329767,11102.73,0.00444824363679701,6.82471244761993e-6,0.004455238967055821,0.001572605016717894,0.0017499,0.0061884,1.217 (1.068-1.387)
Exactly one ECG in first 24 hours,9212,1868,1213,8560,20,40,1.171825,1.003713,1.368095,0.0447648,8511.67,0.0062276280570065816,1.2858986346210631e-5,0.006240808518011448,0.002116449615200898,0.0023464,0.0071772,1.172 (1.004-1.368)
First eligible landmark stay per patient,11152,2415,1554,11152,22,40,1.219354,1.067153,1.393263,0.00355574,11101.21,0.004618838117567236,7.409648618731388e-6,0.0046264330074014355,0.0016443290803618675,0.0018214,0.0063277,1.219 (1.067-1.393)
Flexible Model 3 without lactate,12285,2695,1762,11152,21,40,1.212091,1.069219,1.374054,0.00265116,11127.86,0.004093606720402759,2.374854250785366e-7,0.004093850142963464,5.9464080780468894e-5,2.3913e-4,0.0012043,1.212 (1.069-1.374)
Sepsis-3 suspected-infection time within 24 hours of ICU admission,11642,2583,1638,10587,22,40,1.179554,1.034915,1.344407,0.0133601,10543.19,0.004447702527886297,5.950115147582184e-6,0.004453801395912569,0.0013712400926170153,0.0015587,0.0057792,1.180 (1.035-1.344)
Expanded acuity model,12285,2695,1762,11152,21,40,1.228925,1.083257,1.39418,0.00136548,11075.03,0.004131527968127272,1.104838947034371e-5,0.004142852567334375,0.0027410196165840034,0.0029136,0.0081653,1.229 (1.083-1.394)
Complete-case flexible Model 3,8973,2108,1320,8490,22,0,1.151868,0.998826,1.328359,0.0519177,8468,0.005288989738859112,NA,0.005288989738859112,NA,NA,NA,1.152 (0.999-1.328)
Malignancy-inclusive Model 1,14129,3213,2346,12812,2,40,1.747624,1.584638,1.927373,7.16431e-29,12806.68,0.0024945689059903764,0,0.0024945689059903764,0,1.5613e-4,0,1.748 (1.585-1.927)
Malignancy-inclusive Model 2,14129,3213,2346,12812,17,40,1.627235,1.46673,1.805304,4.5243399999999995e-20,12791.68,0.002806530530877543,2.4409707137119523e-7,0.0028067807303756988,8.914903843117751e-5,2.4544e-4,0.0014745,1.627 (1.467-1.805)
Malignancy-inclusive flexible Model 3,14129,3213,2346,12812,23,40,1.278227,1.143703,1.428575,1.52369e-5,12769.8,0.0032152751943237646,3.173856976060138e-6,0.0032185283977242264,0.0010117962550156934,0.0011672,0.0049652,1.278 (1.144-1.429)
Malignancy-inclusive continuous ECG-count adjustment,14129,3213,2346,12812,22,40,1.282087,1.147236,1.432789,1.18099e-5,12770.46,0.003211193498207669,3.2200192062558125e-6,0.003214494017894081,0.0010278171303767262,0.0011832,0.0050043,1.282 (1.147-1.433)
Malignancy-inclusive exposure defined by first post-ICU ECG,14129,2878,2346,12812,23,40,1.27141,1.133036,1.426684,4.43686e-5,12767.55,0.0034517368205294785,3.7584333891836263e-6,0.003455589214753392,0.001116074145920047,0.0012713,0.0052145,1.271 (1.133-1.427)
Malignancy-inclusive exactly one ECG in first 24 hours,10621,2221,1632,9859,21,40,1.259832,1.100719,1.441946,8.01114e-4,9812.77,0.004736250867689058,7.708731245151673e-6,0.004744152317215338,0.001668292019788173,0.0018689,0.0063736,1.260 (1.101-1.442)
Malignancy-inclusive first eligible landmark stay per patient,12812,2880,2079,12812,23,40,1.298029,1.155028,1.458735,1.19362e-5,12766.86,0.003541857630037235,3.963186866926315e-6,0.003545919896575834,0.001146931063560781,0.0013021,0.005286,1.298 (1.155-1.459)
Malignancy-inclusive flexible Model 3 without lactate,14129,3213,2346,12812,22,40,1.287309,1.152458,1.437939,7.75522e-6,12786.63,0.0031866536361987094,3.2209074782223384e-7,0.003186983779215227,1.0360178864986725e-4,2.5995e-4,0.0015895,1.287 (1.152-1.438)
Malignancy-inclusive log-transformed lactate model,14129,3213,2346,12812,23,40,1.275555,1.141514,1.425335,1.74511e-5,12769.03,0.003204904966393164,3.2767068989714444e-6,0.0032082635909646095,0.0010479638574823528,0.0012033,0.0050531,1.276 (1.142-1.425)
Malignancy-inclusive lactate-spline model,14129,3213,2346,12812,25,40,1.278797,1.144208,1.429219,1.47151e-5,12764.85,0.003215099336847772,3.599761351023297e-6,0.0032187890922325707,0.0011476334004710666,0.0013028,0.0052876,1.279 (1.144-1.429)
Malignancy-inclusive Sepsis-3 timing within 24 hours of ICU admission,13385,3077,2188,12165,23,40,1.250754,1.114466,1.403708,1.4455e-4,12123.26,0.003460652820114089,3.5211592411453815e-6,0.0034642620083362627,0.00104292120873744,0.0012066,0.0050409,1.251 (1.114-1.404)
Malignancy-inclusive expanded acuity model,14129,3213,2346,12812,21,40,1.324676,1.18666,1.478744,5.54045e-7,12745.48,0.003144243178271713,6.2783237254077744e-6,0.003150678460090256,0.0020466870574814226,0.0021991,0.0070581,1.325 (1.187-1.479)
Malignancy-inclusive complete-case flexible Model 3,10108,2471,1714,9552,23,0,1.210021,1.064721,1.37515,0.00349538,9529,0.004258959598337028,NA,0.004258959598337028,NA,NA,NA,1.210 (1.065-1.375)
